platform,post_id,user_id,timestamp,total_engagement,platform_average_engagement,multiple_of_platform_average
Facebook,gmoeib832zbs,user_pe5yckyb,2025-01-24 10:39:09,7764.0,3543.78,2.19
Facebook,a1kiwl618kzy,user_aaiari8o,2025-04-09 00:00:00,7683.0,3543.78,2.17
Facebook,k5qkhdj5zpnw,user_v85ub55d,2025-03-03 00:00:00,7477.0,3543.78,2.11
Facebook,5dsm9m39dfj3,user_6ftbnlhg,2024-10-21 00:00:00,7455.0,3543.78,2.1
Facebook,9isy2ek2v4p1,user_ujllj1n7,2025-03-25 13:45:57,7419.0,3543.78,2.09
Facebook,wvm6w4juhyzc,user_c6x0yszg,2024-11-18 06:04:27,7418.0,3543.78,2.09
Facebook,slz6ny74buau,user_ttlouvlq,2025-03-26 17:34:23,7401.0,3543.78,2.09
Facebook,qrd8bfkdl6wb,user_3318o2cp,2024-09-28 14:25:48,7394.0,3543.78,2.09
Facebook,u3xsdbdgz81r,user_h6g9kjdx,2024-08-13 00:00:00,7280.0,3543.78,2.05
Facebook,sha7t764lt9t,user_36v8f0yz,2024-06-16 00:00:00,7253.0,3543.78,2.05
Facebook,20sikdr9z41z,user_siav2csw,2024-10-22 10:25:28,7206.0,3543.78,2.03
Facebook,br3gu73lot8j,user_bkblavjw,2025-10-04 12:02:11,7159.0,3543.78,2.02
Facebook,po5q6hyb5676,user_teahnr7h,2025-03-26 08:14:32,7158.0,3543.78,2.02
Facebook,w35zksgio9ky,user_tbqj08gl,2024-06-26 11:20:44,7155.0,3543.78,2.02
Facebook,bdzjdwyx0msp,user_c48hfo1e,2024-12-31 19:38:58,7109.0,3543.78,2.01
Facebook,nuis0ndz5u4o,user_7nemrhnp,2024-04-07 22:34:26,7107.0,3543.78,2.01
Facebook,8hr4zfmtk3c6,user_owfyy4u0,2024-12-15 02:03:59,7106.0,3543.78,2.01
Facebook,wa49gbrd3rlv,user_i15alzcr,2024-04-08 21:36:01,7104.0,3543.78,2.0
Facebook,qwgbgp2pe58x,user_31qdm3s9,2025-04-28 00:00:00,7092.0,3543.78,2.0
Instagram,ycjj5zzt7mvx,user_d9971ba6,2025-02-19 05:57:35,7893.0,3543.53,2.23
Instagram,pvfl3d8hj7jd,user_csluibwk,2024-05-15 00:00:00,7738.0,3543.53,2.18
Instagram,tne7s3o4l4wd,user_lr3fagdl,2024-10-30 11:45:55,7712.0,3543.53,2.18
Instagram,mb370uy6ajb1,user_u7cey8cm,2024-06-07 20:38:21,7468.0,3543.53,2.11
Instagram,ukluqjoekps5,user_jck2yka1,2025-04-07 00:00:00,7432.0,3543.53,2.1
Instagram,d4hnvasl2kdq,user_5r58l1kr,2025-03-07 20:51:02,7415.0,3543.53,2.09
Instagram,h03dprdsxb4t,user_us4gqp8w,2024-05-11 00:10:55,7395.0,3543.53,2.09
Instagram,n8l64j4t1nwb,user_5805b7s5,2024-12-16 15:19:14,7370.0,3543.53,2.08
Instagram,q78oevjje0y6,user_jxfroxq0,2024-06-13 08:25:04,7352.0,3543.53,2.07
Instagram,7f0dwum4w5mi,user_ha9bzru4,2025-04-07 22:03:50,7335.0,3543.53,2.07
Instagram,mpj2muj5edfa,user_lpaf67a1,2024-07-31 19:00:58,7334.0,3543.53,2.07
Instagram,zwjyra0ahxsp,user_s87enj6b,2025-01-16 22:02:59,7312.0,3543.53,2.06
Instagram,pip7nh60bxl2,user_ghvkvfa7,2024-11-02 22:05:28,7298.0,3543.53,2.06
Instagram,u6zsbj7x25nf,user_20v16n7o,2024-08-17 13:36:00,7282.0,3543.53,2.06
Instagram,zhwwsisyd0vs,user_bvyufsqe,2024-08-16 00:00:00,7278.0,3543.53,2.05
Instagram,1prldm3ffx0h,user_35tibb0k,2024-10-04 04:26:27,7264.0,3543.53,2.05
Instagram,6crf5fe381rt,user_54fu8vw0,2025-04-14 05:19:32,7258.0,3543.53,2.05
Instagram,3abh11d0ce7f,user_qdztdeac,2024-07-24 00:00:00,7246.0,3543.53,2.04
Instagram,wsse413uz3hi,user_xn2a0g8z,2024-09-06 04:49:40,7237.0,3543.53,2.04
Instagram,tf9n85u1y1f9,user_ymg2zu9s,2025-03-06 03:49:10,7232.0,3543.53,2.04
Instagram,z23l04ouydmm,user_g9g7onlw,2025-04-13 15:38:20,7217.0,3543.53,2.04
Instagram,dm92cj621wwc,user_057ka83m,2025-04-19 05:28:49,7194.0,3543.53,2.03
Instagram,38klue9hrpl2,user_yz6mibaj,2025-01-24 06:57:35,7168.0,3543.53,2.02
Instagram,3bqu7tkldq82,user_ear3km1w,2025-04-15 13:19:19,7165.0,3543.53,2.02
Instagram,ki6i0o5gtq9g,user_zwe31kzt,2025-03-30 21:53:36,7146.0,3543.53,2.02
Instagram,w4kjl2lsx80v,user_lpjugo20,2024-10-27 00:20:07,7135.0,3543.53,2.01
Instagram,qzhdt7jzd37b,user_0rnh8g2o,2024-06-30 14:58:51,7099.0,3543.53,2.0
Instagram,ihua86ysfang,user_wv2z6vw8,2025-03-26 00:00:00,7090.0,3543.53,2.0
Reddit,wo7py9aljg3t,user_o8le7hqf,2025-04-28 00:00:00,7793.0,3550.43,2.19
Reddit,g7d0tgdwipoy,user_yhe9m0z0,2024-05-13 16:11:16,7583.0,3550.43,2.14
Reddit,d7a3bjdzzi5w,user_24wzfb8b,2024-09-13 08:18:34,7500.0,3550.43,2.11
Reddit,xzt681si3ibm,user_w4p8zi5g,2024-09-30 00:14:29,7479.0,3550.43,2.11
Reddit,3ffnsgd3uzxp,user_kk1qdsq3,2024-01-07 13:15:59,7435.0,3550.43,2.09
Reddit,f8agecodqc5x,user_qpmg4srk,2025-02-10 16:50:09,7430.0,3550.43,2.09
Reddit,atk7729zdm3g,user_zqzqyysg,2024-05-26 10:21:23,7406.0,3550.43,2.09
Reddit,0k5m7bn3n32l,user_ivpaj0jp,2024-09-07 08:42:46,7404.0,3550.43,2.09
Reddit,w3caei3ulmaf,user_uw0vd87k,2024-05-26 00:26:31,7397.0,3550.43,2.08
Reddit,9ak0fta6yakp,user_hq1akhdd,2024-05-05 00:00:00,7391.0,3550.43,2.08
Reddit,j8uhutbhg2ir,user_h5lkwga3,2024-11-06 13:08:39,7363.0,3550.43,2.07
Reddit,rd92bpy6beh3,user_zq2nib62,2024-07-19 10:07:55,7337.0,3550.43,2.07
Reddit,wx92zlbv3obp,user_hdas0iau,2024-08-26 23:09:15,7329.0,3550.43,2.06
Reddit,r94c46kpj8pg,user_ubmd2e2f,2024-11-25 06:17:45,7273.0,3550.43,2.05
Reddit,srn7b4dhc6g7,user_yr80oaxg,2024-12-12 09:12:04,7272.0,3550.43,2.05
Reddit,mlv80ige18fa,user_kxujr0gz,2024-05-18 09:00:27,7213.0,3550.43,2.03
Reddit,vywknj9pqap4,user_i1e1kek5,2024-11-08 10:09:59,7191.0,3550.43,2.03
Reddit,zuboc3sh4vgy,user_44h4xl31,2024-12-28 03:00:40,7182.0,3550.43,2.02
Reddit,e2aswil0clhv,user_mcchsnr8,2025-04-27 00:00:00,7164.0,3550.43,2.02
Reddit,7paf1fschank,user_zg4kjiw1,2024-11-25 18:07:26,7161.0,3550.43,2.02
Reddit,6828hr2hdt7k,user_i2pgjzdu,2024-08-30 00:00:00,7151.0,3550.43,2.01
Reddit,67d6fsv09zzv,user_3318o2cp,2024-08-21 00:02:02,7151.0,3550.43,2.01
Reddit,mnqf2t4pxkxs,user_ku7fboeu,2024-09-16 20:54:27,7141.0,3550.43,2.01
Reddit,qya9i96oi6vd,user_d6tkz8qs,2024-08-02 00:00:00,7133.0,3550.43,2.01
Reddit,mli3h2rcouka,user_sypzgjkq,2025-03-25 00:00:00,7129.0,3550.43,2.01
Reddit,ah7pa0dut3sr,user_5a2qumkk,2024-11-10 08:01:24,7122.0,3550.43,2.01
Reddit,wg9nmdqq729u,user_avt1fzq5,2024-12-07 00:00:00,7117.0,3550.43,2.0
Reddit,m4fql2cdw9uc,user_d88b8qoh,2024-12-06 23:16:36,7103.0,3550.43,2.0
Twitter,fp89q1ickn9w,user_h4lueh1i,2025-03-15 18:19:33,7628.0,3454.84,2.21
Twitter,sohx1tia2np4,user_716l1rz5,2024-06-07 05:24:47,7440.0,3454.84,2.15
Twitter,rd1nkejvm94b,user_mzxfajfz,2025-04-21 00:00:00,7426.0,3454.84,2.15
Twitter,6po1mmy90ysd,user_wr37s6cm,2025-01-21 20:30:03,7385.0,3454.84,2.14
Twitter,076lgd30r7iu,user_ral75hq0,2025-04-29 03:50:57,7384.0,3454.84,2.14
Twitter,yhxvwx8u4gqk,user_h8g2fyv0,2025-01-08 00:00:00,7356.0,3454.84,2.13
Twitter,6d1wkacoavg2,user_t38nl55r,2024-11-28 12:21:29,7317.0,3454.84,2.12
Twitter,86a89w8sxemc,user_i2p1s57x,2024-07-09 07:00:56,7274.0,3454.84,2.11
Twitter,5w726ctg6axb,user_bxxatzfk,2024-10-21 00:39:05,7262.0,3454.84,2.1
Twitter,d9ujzt96mtx8,user_ysobum87,2024-05-02 02:08:44,7251.0,3454.84,2.1
Twitter,3pdga6na2ohy,user_ztrgkwrt,2024-08-12 22:46:49,7251.0,3454.84,2.1
Twitter,7j7fd1rh49o3,user_n4b1bcqh,2025-02-08 00:00:00,7226.0,3454.84,2.09
Twitter,36sulv22r8i4,user_bgppnqks,2025-02-27 09:38:50,7221.0,3454.84,2.09
Twitter,50yjhfw9h2xr,user_2wy1g2f0,2024-11-14 13:53:55,7209.0,3454.84,2.09
Twitter,zp9ffc0vnrid,user_a9a7r18l,2025-08-02 00:23:34,7152.0,3454.84,2.07
Twitter,ngg1v8h2v770,user_94mzsiik,2025-02-15 20:05:28,7147.0,3454.84,2.07
Twitter,e5p0ev1v24zy,user_j3u6uwnr,2025-01-16 14:04:16,7144.0,3454.84,2.07
Twitter,0a0dyqz9ycbi,user_zdot1vfk,2025-03-16 00:00:00,7135.0,3454.84,2.07
Twitter,hxgfomrxln9w,user_s87enj6b,2025-01-22 01:02:02,7126.0,3454.84,2.06
Twitter,winms8wp3kmb,user_lynilnsu,2024-06-16 22:03:23,7118.0,3454.84,2.06
Twitter,merdymvvw4zo,user_aroc3ncd,2024-10-13 18:39:10,7114.0,3454.84,2.06
Twitter,8bgspx8xnlc1,user_261d32en,2025-01-04 12:12:32,7102.0,3454.84,2.06
Twitter,fnchva7sjykt,user_057ka83m,2025-01-27 00:00:00,7090.0,3454.84,2.05
Twitter,6yvebha2et1z,user_d88b8qoh,2024-11-18 09:45:23,7073.0,3454.84,2.05
Twitter,m4vu1i7e481u,user_4wxjuaif,2024-10-13 00:00:00,7071.0,3454.84,2.05
Twitter,hnno6lzg88gp,user_ivpoy0x1,2024-10-25 04:33:39,7063.0,3454.84,2.04
Twitter,emmwexhmolsp,user_cefi5hpb,2025-01-08 18:51:43,7057.0,3454.84,2.04
Twitter,1mk4f5jfxxc6,user_5s9ifp0y,2024-08-12 10:24:10,7049.0,3454.84,2.04
Twitter,6ygfsx672ewj,user_c598rgin,2024-05-06 00:00:00,7015.0,3454.84,2.03
Twitter,8rbeexwljnz8,user_vhbx0pma,2025-04-18 07:15:39,7011.0,3454.84,2.03
Twitter,avx4h4nwawiv,user_lv9ygnvu,2024-08-02 17:51:52,7008.0,3454.84,2.03
Twitter,616h4iv59snl,user_cdzp4vm2,2024-05-04 02:31:57,7003.0,3454.84,2.03
Twitter,vi8jmilmoqh3,user_63jwqml9,2024-05-06 19:15:02,6966.0,3454.84,2.02
Twitter,mm476ukb7xc0,user_49plobvw,2024-02-05 05:55:16,6960.0,3454.84,2.01
Twitter,2qq71myilbkj,user_d1fuzi94,2024-05-06 00:00:00,6956.0,3454.84,2.01
Twitter,idxcx9kf01rt,user_de1ix2nc,2024-10-14 18:41:39,6954.0,3454.84,2.01
Twitter,mfyb3mh7cyvt,user_ckgkg0br,2024-09-09 10:52:52,6947.0,3454.84,2.01
Twitter,4gdxfuluh9tf,user_mtuzxdlb,2024-11-16 23:36:00,6938.0,3454.84,2.01
Twitter,aopeeyapic3e,user_fgjkkrie,2024-07-24 21:47:56,6933.0,3454.84,2.01
Twitter,up9iamelxr9v,user_7nf5hu9v,2025-02-23 00:00:00,6913.0,3454.84,2.0
YouTube,5kvuyvf38nqx,user_z0feut2e,2024-06-09 00:00:00,7755.0,3545.7,2.19
YouTube,5n161ir5hhhr,user_u98jwp3f,2025-01-26 00:44:23,7610.0,3545.7,2.15
YouTube,rh7jt9kj7tw8,user_01mu2x1s,2025-01-08 01:23:46,7581.0,3545.7,2.14
YouTube,za6nw486cyn2,user_rj984hbd,2025-03-04 11:24:45,7540.0,3545.7,2.13
YouTube,2ubp2yyrtncq,user_q2y6x6ct,2025-01-08 02:45:12,7472.0,3545.7,2.11
YouTube,s7wyr8sbp28r,user_pp3dgfak,2024-05-30 21:50:51,7444.0,3545.7,2.1
YouTube,8easa8kz8ahm,user_hq06wwgk,2025-01-25 12:00:22,7392.0,3545.7,2.08
YouTube,waojd5d12a3s,user_5n6jz0q7,2024-08-03 21:44:32,7383.0,3545.7,2.08
YouTube,rcxl91rmbvkp,user_l0mgj0v7,2025-04-07 00:00:00,7304.0,3545.7,2.06
YouTube,pgut5k5d8mji,user_lpjugo20,2025-01-04 20:09:33,7262.0,3545.7,2.05
YouTube,brsiwtsdvj10,user_i11d4wfo,2025-01-19 16:43:04,7258.0,3545.7,2.05
YouTube,njw1uc4vs9mh,user_wq8mex2l,2024-05-05 00:00:00,7241.0,3545.7,2.04
YouTube,6ztchwuavkt5,user_5td0e1us,2025-03-27 02:39:52,7231.0,3545.7,2.04
YouTube,6vn5uvy795fu,user_vfxs1pry,2024-07-18 00:00:00,7225.0,3545.7,2.04
YouTube,3nifenawnv02,user_wn6shb1b,2024-07-10 01:51:34,7204.0,3545.7,2.03
YouTube,cevph7efmbu6,user_t3vc5gvq,2024-07-01 00:00:00,7203.0,3545.7,2.03
YouTube,qtejepyeiaux,user_sktr0cyy,2024-09-20 02:44:54,7201.0,3545.7,2.03
YouTube,a706ar4az93n,user_golhwj2p,2025-01-18 00:00:00,7165.0,3545.7,2.02
YouTube,9bpl7p6uzp27,user_suc2uijv,2025-01-24 19:05:09,7165.0,3545.7,2.02
YouTube,3y1frf0ss8hb,user_tjzr3rrj,2025-07-02 17:18:35,7163.0,3545.7,2.02
YouTube,mek2sunxuf1g,user_eg2telg5,2024-07-03 00:28:18,7131.0,3545.7,2.01
YouTube,1bm80h59r434,user_njtvacei,2024-05-11 19:51:17,7128.0,3545.7,2.01
YouTube,6xd1ve5yr3g3,user_t69el5p0,2024-12-10 19:26:38,7112.0,3545.7,2.01
YouTube,6fc6g2sj005q,user_sk29dqyu,2024-07-14 02:04:28,7111.0,3545.7,2.01
